{"_timestamp":1.7605199953305247e+09,"_step":0,"_wandb":{"runtime":5},"_runtime":5,"accuracy":0.8100558659217877}