{"_timestamp":1.7605230668462267e+09,"_wandb":{"runtime":0},"_runtime":0,"_step":0,"train_accuracy":0.8946629213483146,"test_accuracy":0.8100558659217877,"train_loss":0.30428294822711494,"test_loss":0.40931348504865966}